acc/don/wat-id,ps,restype,resnr,dist_a-w,dist_d-w,don_angle,water_angle,donortype,acceptortype
"('9435', '4868', '48626')","[20, 0, 30, 60]",ASP,533,"[2.75, 3.44, 2.87, 2.59]","[2.72, 3.29, 3.47, 3.71]","[118.14, 126.13, 106.96, 120.09]","[94.76, 114.23, 105.08, 116.01]",O3,O2
"('9422', '9113', '48685')",[0],DC,112,[3.9],[3.38],[143.16],[74.47],Npl,N2
"('9435', '4868', '55223')","[40, 60]",ASP,533,"[3.07, 3.27]","[2.71, 2.76]","[173.7, 150.95]","[119.46, 112.74]",O3,O2
"('9422', '9114', '48699')",[60],DC,112,[4.06],[2.71],[152.83],[109.32],Nar,N2
"('9422', '9113', '48699')","[50, 70, 100]",DC,112,"[3.34, 3.44, 3.64]","[3.89, 3.87, 3.99]","[121.82, 133.22, 127.31]","[103.83, 91.05, 100.47]",N2,N2
"('9430', '9139', '48014')",[80],DA,113,[3.8],[3.48],[115.91],[93.06],Npl,O2
"('4867', '9436', '55223')",[80],ASP,533,[3.89],[3.01],[136.18],[105.97],O3,O2
"('4868', '9436', '55223')",[80],ASP,533,[2.65],[3.01],[136.18],[89.03],O3,O3
"('9436', '4868', '55223')",[70],ASP,533,[3.95],[2.89],[124.84],[122.94],O3,O3
"('9435', '4868', '48654')",[70],ASP,533,[4.06],[2.75],[120.9],[131.55],O3,O2
"('9430', '7568', '48755')",[70],ASN,722,[3.95],[3.52],[102.2],[71.53],Nam,O2
